<?xml version="1.0" encoding="UTF-8"?>
<!-- mappers/gueset.xml -->
<!DOCTYPE mapper
    PUBLIC "-//mybatis.org//DTD Mapper 3.0//EN"
    "http://mybatis.org/dtd/mybatis-3-mapper.dtd">
<mapper namespace="product"> <!-- mybatis는 namespace필수!! -->
   
   <!-- no,writer,email,tel,pass,contents,wdate
              글번호, 작성자, 이메일, 전화번호, 비밀번호, 내용, 작성일자 -->
   
   <!-- 
   		mapper.xml에서 정의된 각 태그는 자바의 method 한개와 같다.
   		
   		id						-> 메소드명 (필수)
   		resultType="자료형"		-> return 자료형
   		parameterType="자료형"	-> 매개변수
   		
   		자바에서는 JDBC를 한다면 PreparedStatement 사용 시 SQL문에 바인드 변수 '?' 사용
   		이것을 MyBatis(MapperFramework)에서는   '#{변수}'  로 사용한다.
   		
   		
   		※ 매개변수를 표현하는 parameterType은 정의 하지 않는 것이 좋다!!
   		왜? MyBatis는 알맞는 자료형을 추측하고 연결시켜 준다.
   		
   		※  주의)
   		조회하는 <select>태그에 resultType속성은 반드시 기술해야 함!!
   		명시하지 않으면 에러가 발생하거나 return 값이 null이 된다. 
    -->
   
   
   <!-- 글 입력 -->
   <insert id="insert" >
       insert into product (id,name,price,description) values 
        (#{id},#{name},#{price},#{description}) 
   </insert>
   
   <!-- 전체 글 조회 -->
   <select id="selectAll" resultType="Product"> <!-- resultType속성 필수!! -->
       select id,name,price,description
       from product
   </select>
   
    <!-- 하나 조회 -->
   <select id="selectOne" resultType="Product"> <!-- resultType속성 필수!! -->
       select id,name,price,description
       from product
       where id=#{id}
   </select>
   
   <update id="modify">
   		update product
   		set id=#{id}, name=#{name},price=#{price}, description=#{description}
   		where id=#{rid}
   </update>
   
   <delete id="delete">
   delete from product
   where id=#{rid}
   </delete>
   
</mapper>    
    
    
    
    
    
    